source,target,weight
0,116,2
0,600,4
0,32,3
0,431,1
0,545,4
0,622,2
0,676,6
0,170,3
0,824,3
0,921,5
1,870,4
1,456,7
1,66,1
1,344,6
1,210,3
1,20,1
1,22,5
1,551,5
1,968,3
1,211,3
1,999,7
1,234,3
2,88,5
2,189,1
2,146,6
2,793,4
2,33,6
2,218,7
2,24,5
2,11,5
2,609,4
2,879,3
2,358,6
2,723,1
2,99,6
2,288,6
2,233,1
2,50,5
2,27,6
2,613,4
2,351,1
2,482,6
2,152,6
2,5,6
2,109,6
2,239,6
2,387,5
3,303,2
3,4,2
3,505,5
3,58,2
3,850,4
3,45,3
3,75,4
3,117,7
3,124,6
3,135,4
3,650,2
3,319,4
3,900,1
3,442,6
4,91,7
4,336,7
4,361,1
4,177,3
4,365,2
4,773,1
4,930,7
4,442,2
5,227,6
5,234,7
5,551,2
5,173,7
5,968,6
5,456,6
5,7,5
5,439,6
6,586,6
6,121,6
6,460,1
6,204,7
6,617,1
6,120,6
6,318,6
6,70,1
6,103,1
6,64,2
6,171,1
6,578,2
6,653,2
6,754,2
6,236,7
7,115,4
7,999,7
7,12,4
7,627,1
7,234,6
8,857,6
8,512,7
8,789,6
8,692,6
8,715,2
8,113,4
8,676,6
8,170,4
8,808,4
8,838,7
8,890,1
8,937,2
9,466,4
9,176,3
9,198,2
9,458,3
9,905,4
9,527,4
9,392,1
9,679,6
10,583,5
10,890,2
10,998,6
10,662,6
10,248,1
10,586,3
10,594,3
10,108,6
10,621,5
10,680,2
10,735,5
10,305,6
10,937,3
10,978,4
11,242,7
11,27,3
11,797,7
11,50,1
11,123,1
11,189,7
11,985,6
11,233,1
11,239,7
11,677,3
11,367,2
12,321,5
12,463,1
12,173,1
12,330,6
12,894,6
12,22,1
12,66,4
12,234,5
12,239,6
13,255,4
13,707,5
13,259,7
13,958,6
13,990,5
13,177,2
13,290,3
14,920,2
14,533,6
14,834,3
14,566,1
14,427,3
14,596,3
14,621,4
14,676,3
14,808,6
14,424,4
14,544,1
14,832,4
14,995,2
15,130,7
15,129,7
15,214,6
15,470,1
15,764,4
15,786,7
15,317,1
15,525,1
15,611,3
15,807,5
15,37,4
15,538,4
15,699,6
15,244,5
15,164,6
15,529,7
15,165,2
15,787,2
15,544,6
15,554,4
15,734,7
15,357,7
15,660,6
15,183,2
15,299,6
15,547,5
15,836,4
15,384,1
15,755,1
15,519,4
15,518,7
15,158,3
15,337,4
15,804,7
15,851,3
16,984,4
16,762,3
16,939,2
16,875,4
16,34,7
16,915,7
16,537,3
16,567,6
16,248,1
16,553,5
16,676,2
16,276,4
16,293,1
17,528,4
17,937,4
17,372,5
17,329,2
17,788,5
17,594,4
17,100,4
17,642,3
17,808,6
17,495,6
17,881,6
18,102,6
18,394,6
18,175,6
18,860,5
18,322,2
18,849,5
18,91,7
18,72,4
18,194,7
18,45,7
18,135,5
18,854,3
18,900,7
18,442,6
19,403,1
19,831,3
19,840,1
19,599,3
19,197,6
19,937,6
20,598,2
20,463,5
20,870,3
20,173,4
20,132,3
20,314,2
20,66,5
20,999,4
21,817,7
21,176,4
21,919,7
21,489,6
21,511,1
21,453,5
21,552,4
21,111,4
21,159,2
21,869,7
21,250,2
21,94,5
21,764,3
21,385,4
21,792,3
21,345,2
21,149,2
21,237,4
21,449,7
21,806,4
21,459,1
21,866,6
21,359,1
21,841,1
21,244,6
21,447,6
21,148,3
21,788,4
21,343,2
21,661,2
21,755,6
21,899,2
21,522,7
21,384,1
21,630,6
21,142,6
21,888,6
21,475,6
21,698,6
21,82,1
21,545,6
21,523,2
21,80,6
21,620,4
21,574,4
21,441,3
21,776,4
21,768,2
21,364,5
21,576,6
21,189,6
21,728,5
21,782,6
21,113,6
21,890,2
21,544,7
21,883,6
21,387,3
22,870,1
22,66,3
22,173,4
22,869,4
22,211,3
22,999,3
22,234,1
22,262,4
23,341,3
23,106,1
23,390,4
23,878,4
23,43,4
23,321,4
23,570,1
23,240,3
23,810,1
23,874,4
23,407,2
23,966,4
23,460,4
23,517,3
23,836,1
24,181,6
24,99,3
24,613,7
24,871,5
24,288,1
24,33,7
24,50,7
24,51,6
24,482,6
24,239,1
25,515,5
25,225,4
25,862,1
25,44,7
25,196,6
25,117,5
25,650,1
25,175,3
25,814,4
25,900,7
25,442,4
26,815,2
26,500,7
26,277,4
26,711,7
26,903,6
26,28,5
26,703,4
26,115,3
26,121,1
26,131,6
26,444,7
26,960,2
26,140,1
27,871,3
27,502,1
27,51,5
27,242,7
27,96,2
27,881,1
27,218,5
27,157,5
27,681,2
27,804,4
28,950,3
28,261,5
28,874,7
28,506,6
28,32,2
28,570,7
28,97,7
28,881,5
28,943,6
28,432,2
28,865,7
29,855,7
29,436,7
29,402,7
29,570,7
29,998,7
29,41,6
29,112,6
29,115,3
29,134,1
29,172,5
29,715,5
29,752,5
29,881,4
29,432,7
29,444,2
30,386,6
30,457,5
30,74,2
30,540,7
30,972,5
30,446,5
30,224,3
30,715,1
30,980,7
30,918,5
30,460,3
31,372,3
31,610,2
31,932,1
31,346,4
31,696,2
31,924,7
31,704,5
31,466,5
31,129,3
31,695,2
32,396,4
32,133,6
32,170,5
32,821,6
32,350,6
32,645,1
32,92,6
32,145,4
32,753,1
32,276,1
32,791,3
32,808,5
32,961,5
32,773,6
32,626,7
32,905,1
33,911,3
33,96,4
33,233,3
33,288,7
33,189,2
33,793,6
33,985,6
33,351,2
33,50,6
33,99,1
33,616,7
33,152,3
33,879,6
33,613,3
33,358,7
33,441,2
33,249,3
33,239,4
34,518,6
34,281,5
34,503,6
34,970,6
34,575,4
34,122,4
34,615,1
34,823,1
34,853,3
34,399,5
34,650,4
34,606,6
34,969,4
35,320,4
35,696,7
35,496,3
35,688,3
35,198,3
35,910,2
35,868,6
35,832,7
35,634,7
35,525,4
36,463,7
36,534,5
36,69,2
36,948,6
36,673,5
36,57,2
36,219,5
36,738,5
36,251,2
36,856,4
36,437,2
37,58,4
37,544,2
37,549,4
37,764,5
37,917,4
37,964,1
37,397,4
37,916,1
37,448,3
37,734,1
37,851,5
38,442,3
38,544,5
38,912,6
38,625,3
38,354,6
38,836,7
38,158,1
38,157,2
38,851,3
38,945,6
38,476,2
39,518,1
39,524,7
39,426,4
39,252,6
39,63,1
39,629,2
39,887,3
39,424,4
39,937,3
39,756,4
39,423,3
40,172,4
40,132,5
40,388,5
40,711,3
40,906,5
40,589,5
40,115,4
40,121,5
40,220,1
41,388,3
41,106,4
41,394,3
41,927,3
41,556,3
41,607,6
41,121,7
41,134,5
41,881,6
41,432,3
42,933,5
42,705,6
42,569,7
42,121,1
42,607,5
42,507,5
42,406,5
42,432,4
42,934,2
42,447,6
42,570,2
42,816,5
42,881,5
43,521,5
43,436,3
43,231,6
43,471,6
43,976,6
43,966,2
43,387,2
44,304,7
44,860,7
44,175,5
44,325,6
44,58,1
44,72,6
44,124,5
44,651,5
44,376,2
45,205,3
45,894,4
45,223,7
45,225,5
45,900,6
45,860,5
45,144,6
45,427,2
45,763,4
45,591,7
45,376,7
46,347,4
46,534,5
46,290,1
46,366,3
46,168,7
46,700,7
46,738,1
46,812,1
46,356,1
47,937,2
47,526,6
47,659,3
47,95,1
47,404,4
47,618,5
47,225,3
47,56,2
48,435,7
48,125,3
48,457,6
48,711,2
48,444,7
48,224,7
48,983,2
48,577,3
48,115,2
48,715,4
48,816,1
48,353,7
48,432,6
48,474,3
48,492,4
48,499,7
49,824,5
49,251,5
49,290,5
49,410,7
49,626,4
49,997,2
49,158,6
49,84,5
49,203,3
49,738,2
49,382,4
49,703,4
50,288,5
50,351,1
50,609,2
50,51,1
50,88,1
50,482,5
50,506,3
50,233,6
50,742,6
51,793,3
51,96,5
51,720,3
51,103,7
51,985,4
51,233,6
52,551,3
52,828,7
52,68,7
52,502,4
52,865,5
52,296,7
52,550,6
52,59,5
52,650,7
52,684,4
52,833,7
52,900,4
53,870,7
53,141,6
53,767,1
53,520,1
53,352,2
53,56,6
53,254,1
53,222,2
54,481,7
54,241,4
54,440,7
54,690,1
54,217,6
54,501,2
54,881,5
54,960,5
55,204,1
55,606,4
55,573,6
55,238,6
55,944,6
55,61,6
55,392,6
55,103,1
55,663,4
56,520,3
56,141,5
56,127,1
56,254,2
56,284,3
57,707,3
57,795,6
57,226,5
57,964,3
57,60,4
57,626,3
57,719,4
57,760,2
57,382,5
57,904,5
58,799,5
58,304,6
58,442,1
58,894,2
58,71,5
58,144,4
58,336,1
59,820,5
59,75,2
59,951,7
59,195,7
59,862,4
59,619,3
59,781,5
59,135,1
59,285,3
59,900,7
59,442,4
60,712,7
60,93,7
60,421,6
60,904,5
60,948,4
60,551,2
60,738,6
60,822,5
61,107,2
61,154,3
61,697,6
61,595,4
61,448,4
61,111,2
61,89,4
61,653,5
61,944,2
61,602,4
61,725,4
61,422,5
61,478,6
62,468,6
62,120,2
62,204,7
62,154,4
62,640,2
62,81,7
62,595,4
62,606,4
62,653,1
62,416,5
63,455,3
63,565,3
63,870,2
63,861,4
63,234,2
63,544,2
64,232,5
64,147,2
64,573,5
64,119,6
64,487,1
64,653,7
64,747,5
65,112,7
65,544,2
65,889,5
65,183,7
65,726,6
65,111,5
65,180,2
65,362,7
65,441,7
66,211,6
66,456,6
66,971,4
66,198,7
66,999,6
66,946,5
67,991,5
67,238,2
67,119,6
67,606,7
67,653,2
67,154,7
67,667,6
67,909,3
67,318,4
67,147,4
67,697,7
67,114,7
67,416,2
67,204,1
67,270,2
67,581,6
67,334,2
67,178,5
67,120,3
67,106,5
67,72,7
67,617,5
67,273,2
67,749,2
68,814,6
68,335,6
68,428,1
68,802,4
68,619,1
68,515,7
68,75,5
68,326,5
68,442,2
68,967,7
68,155,5
68,572,7
69,534,7
69,366,1
69,886,6
69,255,3
69,922,6
69,275,7
69,904,3
69,279,3
70,298,2
70,578,5
70,334,1
70,81,2
70,119,2
70,944,7
70,746,1
70,653,5
71,955,2
71,361,2
71,894,5
71,175,1
71,854,4
71,428,7
71,335,2
71,914,1
71,916,3
71,591,2
71,117,2
71,650,2
71,684,7
72,296,4
72,177,6
72,801,7
72,777,5
72,135,2
72,650,7
72,373,5
72,297,4
73,853,1
73,544,5
73,554,7
73,174,6
73,486,6
73,827,6
73,308,3
73,682,6
73,164,5
73,450,1
73,954,1
73,207,6
73,742,4
73,804,6
74,540,6
74,386,1
74,435,5
74,816,5
74,868,4
74,589,5
74,790,4
74,900,5
74,219,7
75,934,6
75,144,5
75,689,6
75,801,4
75,894,6
75,335,3
75,515,4
75,124,5
75,360,7
75,619,2
75,650,6
75,651,7
75,684,4
75,223,3
75,370,4
75,900,3
75,563,2
76,564,1
76,972,5
76,333,5
76,134,2
76,732,3
76,471,6
76,701,4
76,121,5
76,240,4
76,752,2
76,943,5
76,370,4
77,518,7
77,495,3
77,202,6
77,560,1
77,786,5
77,92,4
77,107,4
77,139,1
77,676,3
77,293,7
77,342,5
77,522,5
78,306,5
78,147,5
78,178,7
78,181,4
78,663,2
78,89,4
78,106,5
78,909,6
79,676,1
79,312,1
79,259,2
79,738,2
79,359,1
79,203,2
79,763,7
79,812,4
80,544,6
80,635,4
80,954,3
80,933,3
80,94,1
80,611,5
80,826,4
80,357,1
81,139,7
81,181,4
81,607,4
81,653,3
81,184,4
81,669,5
81,807,4
82,754,7
82,544,3
82,588,3
82,947,5
82,702,1
82,378,3
82,679,3
82,571,5
82,489,5
82,385,2
82,550,3
82,994,5
82,523,6
82,326,3
82,734,3
82,786,1
82,199,3
82,545,5
82,941,1
82,478,6
82,806,4
82,309,6
82,441,7
82,666,7
82,494,7
82,126,2
82,572,4
82,641,7
82,721,2
82,902,7
82,778,4
82,267,2
82,993,5
82,848,1
82,363,1
82,912,6
82,381,6
82,252,4
82,619,5
82,949,6
82,577,7
82,109,2
82,630,7
82,633,2
82,250,1
82,449,3
83,689,5
83,223,3
83,843,3
83,514,4
83,897,7
83,952,2
83,91,6
83,135,7
83,650,1
83,651,1
83,900,2
83,926,3
83,442,6
84,534,6
84,479,5
84,269,7
84,958,6
84,312,3
84,845,7
84,429,2
84,85,4
84,255,2
84,468,2
84,219,1
84,782,5
84,812,4
84,847,6
84,886,5
85,748,4
85,421,5
85,716,4
85,476,5
85,626,1
85,226,6
86,937,3
86,220,2
86,97,5
86,965,2
86,450,5
86,605,5
86,713,4
86,881,1
86,465,5
86,416,7
86,228,2
87,594,3
87,973,5
87,117,7
87,587,7
87,529,1
87,544,5
87,710,7
87,764,3
87,832,4
87,964,7
88,793,4
88,146,7
88,218,1
88,748,1
88,99,7
88,358,5
88,233,5
88,239,5
89,895,5
89,270,5
89,581,4
89,232,6
89,787,2
89,653,7
89,181,4
89,697,3
89,747,6
89,357,6
90,241,4
90,690,4
90,474,3
90,469,2
90,120,4
90,121,3
90,881,1
90,492,7
91,651,6
91,245,3
91,225,1
91,300,4
91,336,7
91,951,3
91,442,6
91,851,1
92,266,6
92,662,1
92,305,1
92,911,2
92,457,7
92,676,7
92,921,6
92,952,4
92,970,5
93,754,2
93,138,2
93,606,1
93,181,4
93,233,7
94,544,3
94,459,5
94,593,7
94,620,5
94,404,3
94,788,3
94,222,5
94,409,7
94,149,1
94,631,1
94,611,5
94,669,4
94,118,4
94,956,5
94,167,4
94,361,4
94,95,4
94,741,4
94,851,3
95,533,3
95,342,4
95,775,6
95,252,2
95,727,3
95,202,4
95,558,6
95,745,7
95,659,3
95,794,5
95,762,4
95,637,7
95,518,3
95,580,3
95,673,4
95,158,1
95,780,6
95,684,2
95,143,2
95,424,5
95,439,6
95,738,5
95,655,1
96,288,3
96,609,2
96,242,4
96,197,3
96,419,1
96,473,2
96,233,3
96,239,4
97,643,7
97,401,6
97,436,3
97,731,5
97,134,5
97,787,7
98,210,3
98,350,3
98,842,1
98,461,7
98,998,3
98,992,5
98,950,6
98,191,3
98,245,2
98,647,6
98,879,2
99,490,3
99,793,1
99,227,7
99,613,3
99,152,3
99,482,5
99,239,1
100,957,3
100,555,6
100,662,6
100,526,3
100,636,7
100,813,4
100,824,3
100,501,5
100,847,6
101,465,6
101,540,2
101,477,5
101,770,6
101,710,3
101,115,3
101,444,5
101,268,4
102,585,3
102,815,7
102,245,4
102,895,4
102,107,6
102,628,4
102,638,1
102,676,6
102,205,7
102,252,7
102,121,6
103,887,7
103,298,6
103,667,5
103,448,4
103,747,6
103,649,7
103,663,3
103,184,6
103,544,1
103,780,2
104,512,2
104,533,4
104,293,3
104,880,3
104,153,6
104,693,4
104,808,3
104,544,2
105,643,6
105,544,1
105,682,4
105,183,4
105,236,2
105,196,4
105,557,7
105,672,3
105,450,4
105,459,5
105,433,4
105,445,5
105,780,6
105,851,7
105,377,5
105,489,2
106,892,6
106,265,2
106,582,3
106,521,7
106,715,3
106,406,6
106,464,7
106,492,4
106,112,5
106,607,6
106,261,1
106,814,4
106,881,5
107,628,3
107,817,5
107,555,4
107,424,7
107,425,3
107,824,7
107,863,1
108,842,4
108,365,6
108,491,5
108,950,4
108,229,4
108,208,7
108,143,6
108,644,4
108,266,6
108,414,4
108,307,5
109,324,6
109,544,6
109,571,1
109,576,3
109,149,7
109,703,7
109,343,7
109,397,6
109,798,4
109,725,3
109,259,3
109,640,4
109,804,2
109,851,7
109,883,7
110,512,5
110,528,3
110,580,3
110,638,2
110,990,4
110,116,7
110,740,6
110,753,4
110,992,1
111,544,5
111,827,6
111,447,5
111,612,6
111,748,3
111,734,4
111,804,6
111,851,2
111,883,4
111,945,2
112,564,6
112,570,2
112,115,7
112,713,5
112,752,3
112,881,6
112,929,5
113,518,5
113,532,4
113,618,5
113,727,5
113,437,2
113,676,3
113,921,4
113,937,7
113,495,6
113,552,5
114,667,4
114,204,3
114,452,2
114,628,7
114,653,2
114,851,7
115,592,1
115,570,3
115,535,7
115,217,6
115,929,1
115,390,6
115,487,6
115,577,2
115,790,1
115,540,5
115,469,4
115,240,1
115,265,2
115,435,5
115,415,7
115,121,2
115,231,7
115,471,6
115,923,7
115,980,1
115,467,2
115,564,7
115,653,1
115,866,3
115,675,2
115,241,7
116,537,6
116,596,4
116,957,6
116,365,1
116,208,4
116,533,1
116,632,7
116,693,2
116,389,1
116,811,7
116,838,7
116,372,5
116,935,5
116,424,2
116,338,2
117,619,4
117,849,1
117,502,7
118,517,2
118,544,1
118,625,1
118,137,3
118,664,1
118,195,5
118,741,4
118,777,4
118,272,1
118,307,6
118,851,7
118,964,5
119,573,2
119,581,1
119,358,4
119,653,3
119,184,7
119,151,6
120,537,1
120,393,4
120,837,3
120,606,6
120,147,1
120,944,7
121,570,1
121,402,2
121,464,6
121,878,7
121,874,6
121,388,6
121,132,5
121,705,4
121,713,7
121,341,7
121,217,1
121,481,2
121,607,4
121,752,5
121,435,5
121,353,2
121,436,5
121,605,7
121,500,2
121,323,3
121,469,1
121,394,6
121,610,7
121,506,4
121,471,7
121,265,6
121,959,7
121,892,6
121,810,1
121,508,4
121,715,4
121,277,6
121,125,6
121,972,4
121,246,5
121,131,5
121,686,4
121,415,6
121,457,2
121,756,5
121,901,3
121,732,5
121,444,2
121,472,6
121,569,3
121,401,4
121,577,4
121,589,2
121,465,3
121,241,4
121,304,2
121,413,5
121,848,4
121,534,2
121,988,5
121,881,4
122,369,5
122,569,7
122,784,1
122,695,5
122,365,6
122,714,3
122,214,4
122,771,5
122,932,6
123,351,1
123,146,5
123,419,4
123,609,3
123,898,5
123,233,5
123,239,7
123,883,3
124,220,5
124,620,1
124,684,6
124,962,2
125,770,5
125,446,5
125,926,6
125,134,6
125,675,2
125,790,7
125,492,3
125,296,6
126,415,5
126,544,2
126,888,3
126,188,2
126,744,5
126,804,2
126,866,7
126,422,6
127,824,6
127,231,4
127,767,7
127,375,4
127,254,7
127,146,7
128,644,5
128,472,1
128,223,1
128,784,2
128,544,4
128,550,5
128,593,1
129,727,1
129,407,1
129,562,5
129,634,3
129,483,2
129,249,1
129,671,1
129,704,2
130,518,6
130,596,7
130,621,4
130,628,7
130,813,5
130,821,7
130,369,2
130,687,1
130,774,4
130,276,4
130,349,3
131,261,7
131,608,3
131,487,4
131,559,2
131,220,3
131,752,1
131,472,1
132,589,5
132,810,5
132,282,2
132,172,2
132,690,5
132,881,2
132,544,6
133,510,5
133,518,6
133,393,2
133,475,6
133,646,7
133,676,4
133,821,1
133,961,4
133,748,3
133,182,2
134,676,4
134,507,7
134,960,5
134,179,2
134,540,4
134,959,5
134,675,7
134,966,6
134,401,3
134,835,1
134,220,1
134,472,1
134,362,1
135,289,3
135,493,2
135,225,6
135,379,1
135,802,4
135,195,1
135,376,3
135,928,7
135,177,1
135,843,6
135,175,7
135,828,1
135,466,1
135,335,1
135,591,1
135,223,7
135,502,1
135,514,4
135,497,7
135,900,1
135,860,5
135,505,2
135,515,6
135,901,1
135,585,1
135,662,2
135,773,6
135,849,6
135,862,3
135,544,5
135,561,1
136,692,6
136,523,1
136,544,3
136,272,6
136,924,3
136,750,6
136,851,6
137,544,5
137,377,4
137,550,1
137,307,7
137,566,3
137,851,1
137,883,6
137,969,1
138,528,6
138,824,3
138,298,2
138,333,5
139,603,4
139,632,6
139,920,2
139,145,6
139,170,5
139,824,4
139,438,3
140,544,7
140,554,4
140,250,1
140,199,6
140,183,3
140,327,1
140,531,5
140,710,3
140,549,1
140,538,5
140,803,7
140,525,7
140,164,2
140,593,5
140,203,2
140,682,7
140,851,7
141,520,1
141,284,4
141,757,5
141,279,1
142,544,2
142,694,4
142,167,1
142,563,3
142,268,5
142,826,2
142,883,7
143,736,1
143,512,4
143,152,7
143,824,4
143,342,2
143,495,6
144,515,7
144,619,4
144,650,4
144,300,7
144,373,5
144,493,3
144,885,5
144,833,3
144,177,3
144,838,7
144,223,2
144,370,4
144,376,4
144,900,4
144,962,2
145,596,1
145,615,3
145,813,5
145,305,7
145,908,4
145,413,4
145,662,6
145,637,5
145,383,4
145,824,2
145,553,3
145,403,4
145,240,2
145,967,4
145,676,4
145,170,1
145,732,1
146,793,2
146,299,2
146,985,5
146,239,1
147,653,7
147,606,3
147,452,6
147,581,1
147,944,4
147,538,3
148,516,3
148,544,4
148,308,4
148,166,5
148,847,4
148,167,2
148,729,3
148,746,4
148,499,1
149,940,3
149,635,6
149,893,6
149,346,7
149,307,2
150,518,2
150,544,1
150,981,2
150,489,4
150,405,5
150,804,5
151,668,1
151,200,7
151,779,7
151,785,7
151,614,5
152,219,2
152,233,6
152,239,5
153,673,5
153,800,4
153,346,1
153,785,7
153,192,2
153,990,1
153,695,1
153,749,1
153,898,6
153,932,3
154,177,2
154,573,1
154,653,3
155,949,6
155,337,5
155,910,1
155,688,2
155,311,5
155,714,5
155,235,1
155,192,3
155,695,7
155,243,4
155,301,7
155,660,7
155,441,4
156,650,5
156,206,5
156,845,4
156,958,3
156,719,5
156,420,1
156,626,6
156,948,2
156,891,6
156,739,6
156,782,7
156,738,2
156,712,4
156,728,5
157,161,2
157,544,3
157,548,6
157,737,6
157,250,2
157,683,2
157,851,2
157,357,4
157,408,4
158,621,6
158,850,2
158,918,1
158,603,4
158,915,2
158,233,6
158,201,4
158,838,6
158,921,7
158,501,4
158,351,1
159,580,3
159,536,7
159,544,1
159,989,1
159,546,6
159,737,5
159,364,1
159,661,1
159,478,6
159,385,3
159,359,4
159,197,5
159,875,6
159,498,4
160,540,7
160,966,1
160,569,6
160,878,4
160,196,4
160,881,2
160,544,6
161,512,1
161,524,1
161,555,6
161,629,7
161,727,6
161,597,6
161,439,6
161,823,2
161,638,6
161,811,5
161,425,2
161,272,2
162,543,4
162,567,3
162,621,1
162,622,4
162,632,4
162,824,2
162,937,3
163,268,7
163,192,4
163,898,3
163,200,6
163,562,4
163,278,6
163,256,5
163,989,4
163,743,4
164,465,6
164,704,7
164,544,2
164,851,5
164,883,7
165,604,7
165,443,6
165,271,4
165,544,3
165,499,2
165,631,1
165,907,1
165,943,5
165,851,6
166,414,3
166,525,5
166,544,5
166,611,1
166,962,4
166,883,1
167,544,7
167,272,7
167,968,6
167,174,4
167,729,6
167,946,7
168,920,7
168,736,4
168,418,7
168,911,3
168,855,6
168,577,4
168,824,4
168,937,1
169,881,5
169,517,6
169,544,1
169,623,1
169,906,3
169,307,4
169,851,6
170,604,4
170,823,1
170,583,3
170,950,6
170,791,2
170,638,6
170,813,2
170,329,4
170,949,3
170,883,4
170,250,4
170,210,6
170,824,3
170,935,4
170,425,3
170,495,1
171,520,7
171,544,3
171,661,4
171,551,3
171,764,5
172,605,7
172,756,1
172,713,7
172,752,6
172,881,4
172,446,3
172,464,4
172,910,2
172,922,1
173,277,3
173,565,7
173,234,1
173,336,6
174,472,2
174,536,1
174,611,6
174,368,1
174,470,6
174,196,3
174,738,2
174,708,4
174,710,5
174,805,1
174,883,1
174,942,2
174,476,3
175,225,3
175,319,6
175,843,2
175,193,5
175,619,5
175,573,3
175,900,3
175,886,1
175,544,6
176,203,7
176,209,5
176,320,5
176,200,3
176,695,7
176,771,3
176,785,7
177,650,1
177,591,7
177,304,5
177,849,2
177,900,7
178,684,6
178,270,2
178,454,6
179,457,7
179,401,5
179,790,1
179,826,6
179,881,7
179,993,7
180,544,3
180,381,2
180,499,7
180,916,2
180,518,1
180,307,5
181,653,1
181,298,7
181,184,5
181,611,7
181,708,7
182,624,2
182,671,3
182,922,3
182,743,2
182,696,6
182,458,3
182,695,7
182,932,3
183,544,1
183,385,5
183,217,1
183,776,5
183,883,7
184,711,5
184,270,3
184,837,7
184,318,6
184,232,3
184,204,6
184,872,4
184,754,6
184,544,6
184,620,7
184,956,3
185,568,4
185,763,6
185,587,7
185,203,6
185,429,1
185,420,1
185,198,7
185,730,7
185,228,3
185,273,3
185,405,1
185,623,6
186,603,2
186,260,7
186,504,6
186,458,5
186,924,1
186,688,4
186,301,4
186,800,5
186,225,6
186,214,5
186,755,4
186,852,3
186,873,7
187,878,7
187,980,1
187,901,7
187,231,1
187,835,3
187,881,5
187,250,1
188,587,3
188,230,1
188,421,6
188,886,1
188,893,1
188,757,2
188,760,7
188,795,7
188,997,6
189,793,1
189,351,4
189,200,6
189,233,3
189,654,7
190,541,3
190,529,4
190,544,3
190,623,1
190,706,4
190,295,1
190,851,5
190,387,7
190,975,1
191,621,2
191,676,4
191,439,4
191,585,4
191,642,3
191,323,1
191,937,2
191,939,1
191,438,5
191,495,5
191,446,3
192,562,3
192,861,2
192,706,5
192,766,3
192,932,5
193,802,2
193,650,5
193,951,6
193,514,5
193,988,5
193,304,7
193,834,2
193,319,7
193,900,5
193,442,1
193,360,5
194,655,3
194,562,4
194,405,3
194,351,5
194,800,1
194,932,3
195,515,4
195,650,1
195,505,5
195,466,2
195,370,1
195,205,7
195,773,3
195,900,1
195,926,1
195,733,6
196,932,6
196,544,5
196,602,4
196,631,7
196,666,2
197,432,1
197,544,2
197,665,1
197,983,2
197,777,6
197,851,4
198,281,4
198,634,4
198,655,2
198,922,3
198,932,7
198,458,5
199,621,2
199,544,6
199,563,7
199,620,1
199,639,3
199,804,1
199,956,2
199,489,1
200,957,7
200,830,2
200,932,1
201,596,6
201,621,3
201,712,1
201,740,5
201,838,5
201,937,5
201,892,1
201,283,5
202,615,2
202,727,6
202,231,4
202,791,5
202,501,2
203,958,6
203,739,3
203,312,1
204,334,7
204,232,6
204,382,7
205,615,7
205,418,6
205,208,5
205,276,1
205,622,1
205,349,2
205,447,1
206,677,5
206,420,4
206,534,2
206,739,2
206,626,6
206,445,1
206,269,2
206,382,7
207,562,2
207,634,1
207,709,7
207,209,5
207,924,6
207,743,4
207,346,7
207,504,2
207,561,3
207,922,1
208,627,1
208,632,4
208,501,3
208,260,2
209,791,5
209,624,3
209,504,7
209,700,5
209,437,6
210,717,4
210,712,2
210,347,7
210,859,1
210,659,6
210,514,5
210,824,1
210,418,6
210,939,6
211,808,6
211,314,2
211,598,7
211,870,1
211,713,1
211,999,1
212,680,3
212,861,4
212,831,1
212,759,7
212,707,1
212,824,3
212,855,7
212,424,6
213,517,4
213,544,3
213,536,7
213,969,3
213,315,2
213,368,1
213,339,1
214,512,1
214,634,7
214,779,7
214,348,5
214,249,2
214,655,3
214,278,7
214,235,2
214,437,6
214,695,4
214,392,7
214,346,3
214,243,1
214,279,2
214,766,7
215,512,7
215,537,7
215,658,7
215,676,1
215,393,1
215,396,4
215,504,2
215,796,6
215,808,5
216,629,2
216,685,2
216,931,1
216,692,4
216,333,3
216,829,2
216,908,4
216,945,6
217,963,5
217,455,7
217,418,7
217,790,7
217,881,6
217,432,6
217,444,3
218,332,4
218,550,6
218,239,2
219,728,7
219,275,3
219,716,5
219,748,6
219,257,4
220,933,7
220,415,2
220,353,1
220,277,2
220,881,3
220,407,7
220,925,7
220,929,4
220,444,7
221,287,4
221,517,2
221,544,3
221,476,6
221,357,2
221,936,6
221,385,7
221,548,2
221,547,2
221,235,4
221,804,4
222,374,4
222,517,2
222,544,6
222,340,6
222,798,2
223,370,6
223,900,1
223,862,2
223,428,7
223,310,2
223,515,7
223,854,6
223,894,5
223,336,7
223,722,7
223,544,2
224,495,6
224,564,1
224,507,4
224,954,3
224,816,6
224,464,4
224,657,7
224,841,6
225,650,7
225,514,1
225,860,6
225,319,2
225,862,6
225,376,3
225,900,7
225,930,3
225,250,6
226,738,7
226,280,7
226,882,4
226,822,1
226,534,7
226,731,5
226,610,4
226,795,4
226,856,2
226,544,6
227,570,7
227,565,3
227,968,7
227,971,7
227,344,2
227,234,1
228,867,1
228,748,5
228,410,2
228,795,1
228,822,3
229,512,6
229,592,6
229,600,7
229,291,1
229,838,1
229,890,3
229,895,6
229,439,3
229,495,7
230,350,1
230,716,3
230,434,7
230,807,1
230,782,5
230,795,4
231,687,5
231,577,1
231,972,3
231,913,3
231,881,3
231,965,4
231,442,6
231,734,2
232,578,2
232,275,2
232,754,5
232,741,3
232,286,3
232,478,4
233,793,1
233,616,7
233,879,2
233,351,2
233,419,2
233,288,5
233,358,7
233,242,7
233,732,6
233,239,4
233,523,6
234,565,4
234,314,5
234,971,3
234,330,6
234,624,3
234,682,4
235,621,3
235,432,4
235,671,5
236,301,7
236,544,2
236,729,4
236,701,4
236,548,4
236,734,4
236,523,2
236,804,6
236,295,4
236,307,7
236,851,4
237,931,4
237,544,4
237,593,1
237,612,1
237,788,7
237,645,2
237,686,2
237,851,2
237,489,2
238,837,6
238,595,5
238,606,7
238,653,4
239,720,6
239,723,1
239,473,5
239,985,5
239,613,5
239,879,5
239,793,7
239,242,1
239,358,2
239,616,1
239,609,2
239,433,4
239,764,2
240,444,3
240,507,3
240,457,6
240,588,6
240,277,2
240,881,7
240,395,5
240,933,7
241,843,1
241,816,6
241,881,3
241,929,1
241,432,4
241,785,6
242,881,7
242,358,2
243,373,2
243,668,6
243,784,6
243,701,1
243,256,4
243,779,3
243,932,4
243,437,3
244,527,6
244,538,7
244,544,4
244,283,7
244,832,5
244,362,1
245,596,4
245,745,5
245,413,6
245,697,6
245,906,6
245,939,2
245,344,4
245,285,1
245,280,4
246,542,7
246,570,3
246,577,2
246,670,6
246,881,5
247,264,5
247,538,6
247,544,1
247,574,2
247,587,2
247,286,2
247,851,7
247,345,6
247,883,2
248,842,6
248,695,2
248,671,2
248,976,1
248,465,2
248,932,4
248,458,6
249,541,6
249,743,3
249,779,1
250,544,3
250,699,6
250,866,6
250,267,1
250,788,6
250,404,5
250,625,1
250,630,6
250,326,4
250,858,7
250,698,4
250,572,3
250,527,1
250,947,2
250,331,7
250,315,6
250,408,3
250,780,7
250,307,7
250,441,3
251,439,3
251,534,2
251,951,5
251,259,1
251,339,7
252,676,5
252,692,1
252,817,7
252,901,5
252,824,2
252,324,7
252,424,7
252,495,7
253,516,1
253,676,7
253,762,3
253,987,2
253,574,5
253,393,2
253,389,7
254,520,1
254,284,6
254,514,4
255,636,2
255,677,7
255,356,6
255,366,2
255,511,4
255,273,1
256,278,5
256,634,7
256,743,6
256,379,2
256,785,4
257,867,5
257,282,7
257,366,7
257,322,3
257,822,3
257,544,1
257,851,7
257,969,1
258,516,2
258,676,3
258,740,5
258,970,5
258,973,1
258,418,7
258,957,2
258,773,4
258,824,6
259,626,1
259,990,3
259,290,7
259,565,7
259,795,3
259,287,6
260,974,1
260,541,1
260,634,5
260,771,1
260,544,1
261,406,2
261,291,3
261,323,7
261,756,5
261,444,3
261,330,6
261,881,4
261,534,3
262,429,7
262,544,4
262,554,1
262,345,2
262,307,5
262,851,1
263,637,1
263,676,4
263,774,7
263,642,1
263,935,7
263,674,6
263,991,7
263,853,6
263,906,5
263,712,2
263,850,1
263,884,7
263,815,7
263,817,3
263,324,2
263,454,7
263,804,5
264,560,1
264,329,7
264,461,7
264,740,6
264,647,2
264,276,5
264,935,6
264,937,4
264,952,3
264,771,1
264,741,6
264,769,5
265,521,3
265,913,3
265,686,2
265,597,7
265,881,1
265,407,1
265,944,1
266,596,6
266,629,4
266,488,4
266,876,2
266,920,2
266,915,4
266,917,5
266,824,3
266,349,6
267,978,2
267,924,6
267,544,2
267,661,1
267,851,1
268,695,5
268,766,7
268,301,2
268,932,5
269,738,4
269,382,7
269,534,7
269,360,3
269,626,7
269,881,3
269,904,3
270,416,3
270,568,2
270,573,3
270,653,4
271,882,3
271,845,2
271,730,3
271,420,5
271,795,4
271,822,4
271,783,6
272,834,2
272,544,5
272,302,1
272,866,3
272,387,5
273,760,1
273,587,7
273,812,7
273,382,7
274,655,5
274,714,7
274,496,7
274,932,3
274,789,7
274,851,4
275,938,3
275,833,3
275,884,3
276,844,4
276,403,6
276,306,6
276,417,1
276,524,5
276,753,6
276,794,5
276,349,5
276,430,1
276,307,3
276,867,1
276,811,5
276,838,6
276,979,5
276,514,5
276,837,1
276,731,6
277,555,7
277,589,6
277,540,7
277,469,3
277,608,3
277,407,7
277,881,5
277,903,2
277,460,4
278,771,6
278,643,1
278,800,6
279,292,1
279,284,3
279,520,3
279,767,2
280,479,4
280,738,3
280,420,2
280,795,4
281,632,4
281,676,5
281,692,7
281,987,5
281,293,2
281,887,7
281,831,7
281,834,5
281,583,7
281,398,1
281,526,7
281,393,3
281,509,5
281,621,3
281,369,4
281,618,6
281,749,6
282,731,4
282,845,4
282,381,3
282,884,7
283,605,6
283,544,1
283,869,3
283,899,6
283,803,2
283,331,2
283,866,7
283,873,5
284,840,4
284,877,3
284,520,1
284,767,3
284,375,5
285,456,4
285,684,3
285,962,1
285,304,3
285,900,3
286,544,2
286,557,2
286,666,2
286,851,7
286,357,1
287,772,5
287,731,7
287,795,7
287,412,7
287,977,2
287,325,6
288,960,3
288,793,7
288,311,5
288,609,4
288,482,5
288,932,3
289,650,2
289,651,5
289,828,1
289,551,6
289,900,4
289,442,2
289,554,5
290,731,3
290,738,6
290,847,1
290,865,1
290,898,4
291,445,5
291,407,1
291,984,6
291,881,5
291,415,3
291,432,4
291,492,2
291,529,7
291,683,3
292,520,2
292,421,4
292,645,5
293,526,3
293,596,7
293,621,7
293,674,3
293,670,3
293,579,6
293,815,5
294,558,3
294,516,1
294,349,1
294,871,7
294,887,6
294,445,3
294,838,2
294,540,1
294,937,2
295,929,3
295,544,1
295,633,3
295,514,1
295,384,1
296,524,6
296,637,4
296,900,6
296,442,1
296,962,1
297,544,5
297,733,2
297,989,2
297,317,5
297,888,1
297,307,5
297,851,5
298,595,7
298,983,3
298,334,6
298,909,6
298,938,5
298,653,3
298,851,1
299,544,2
299,519,7
299,794,4
299,851,1
299,498,5
300,676,6
300,650,4
300,894,3
300,802,5
300,864,6
300,319,5
300,379,1
300,427,7
301,634,1
301,338,4
301,696,6
301,337,5
302,597,2
302,830,7
302,544,4
302,742,4
302,552,2
302,511,3
302,510,6
303,526,1
303,647,6
303,676,6
303,808,7
303,324,2
303,838,3
304,651,6
304,799,4
304,515,7
304,313,7
304,820,4
304,319,2
304,854,4
304,370,1
304,376,7
304,442,2
305,615,2
305,876,6
305,598,4
305,937,6
305,939,2
305,991,4
306,516,3
306,637,1
306,652,2
306,676,1
306,646,6
306,342,4
306,935,4
306,937,1
307,970,1
307,544,5
307,734,5
307,546,1
307,499,4
307,352,1
307,681,3
307,404,4
307,450,5
307,872,3
307,699,7
307,548,7
307,513,5
307,378,7
307,701,5
307,768,2
307,902,1
307,777,3
307,778,4
307,631,5
307,919,1
307,364,5
307,478,1
307,787,4
307,883,7
307,498,1
307,927,2
307,574,1
307,729,5
307,954,2
307,776,6
307,511,1
307,614,4
307,630,2
307,522,3
307,682,2
307,345,1
307,995,1
307,788,7
307,698,2
307,313,5
307,340,6
307,936,6
307,804,2
307,602,3
307,308,1
307,666,1
307,830,7
307,617,4
307,651,1
307,890,7
307,800,6
307,726,2
307,387,3
308,544,7
308,724,7
308,742,3
308,804,2
308,428,6
308,851,4
308,422,2
309,992,2
309,522,6
309,544,2
309,332,1
309,387,4
309,476,1
310,567,5
310,802,6
310,862,1
310,428,2
310,897,5
310,348,7
310,319,1
311,800,6
311,348,7
311,655,4
311,313,6
311,437,5
312,677,7
312,738,3
312,795,3
312,822,6
312,884,6
313,581,3
313,668,1
313,513,6
313,536,3
313,544,4
313,656,3
313,851,4
314,999,5
314,565,4
314,322,6
314,344,5
315,523,6
315,539,6
315,544,4
315,576,7
315,602,2
316,730,7
316,757,3
316,434,7
316,429,5
316,544,7
317,544,2
317,614,3
317,543,4
317,387,7
318,600,7
318,578,4
318,653,3
319,619,4
319,651,7
319,773,6
319,843,2
319,865,2
319,893,4
319,900,5
319,962,5
319,411,2
320,674,3
320,695,1
320,785,3
320,931,1
320,932,6
320,858,1
320,872,7
321,831,2
321,543,3
321,953,4
321,553,4
321,840,7
321,842,7
321,774,2
321,374,6
322,658,2
322,650,2
322,773,7
322,885,5
322,660,6
322,854,2
322,370,5
322,373,1
322,962,7
323,745,7
323,608,5
323,881,5
323,832,2
324,824,5
324,637,3
324,823,1
324,991,5
324,424,4
324,987,6
324,617,1
325,349,2
325,626,6
325,795,2
325,948,1
325,844,5
325,975,4
326,896,1
326,804,3
326,327,6
327,752,7
327,544,7
327,593,2
327,940,3
327,807,1
327,781,6
327,750,7
327,989,2
327,363,1
327,673,1
328,528,6
328,676,5
328,693,4
328,604,3
328,698,1
328,963,2
328,612,3
328,806,3
329,632,4
329,880,5
329,452,6
329,349,7
329,864,5
329,978,7
330,676,2
330,794,4
330,565,7
330,999,5
330,854,5
331,723,4
331,634,3
331,544,1
331,548,3
331,734,3
331,964,3
331,377,1
331,744,7
331,551,2
331,851,7
332,501,4
332,477,3
332,515,4
332,514,5
332,900,4
333,424,4
333,465,4
333,390,2
333,394,3
333,686,3
333,471,5
333,966,1
333,994,3
333,881,6
333,965,6
333,455,7
334,416,7
334,983,6
334,606,5
334,617,4
334,653,5
334,448,1
334,544,5
335,691,1
335,650,5
335,379,3
335,900,4
335,451,4
335,795,4
336,651,7
336,428,6
336,373,6
336,885,4
336,894,4
336,962,7
336,514,3
336,900,7
337,685,1
337,695,5
337,706,3
337,461,7
337,932,5
337,656,6
338,655,5
338,695,5
338,898,6
338,696,1
338,905,2
339,646,1
339,730,6
339,479,2
339,990,1
339,884,7
339,364,4
339,544,5
340,530,6
340,544,3
340,547,3
340,635,6
340,741,3
340,995,6
341,535,1
341,584,1
341,816,5
341,432,7
341,960,7
341,472,1
342,518,5
342,586,6
342,604,6
342,765,4
342,516,5
342,918,5
342,618,5
342,906,3
342,391,3
342,859,6
342,923,3
342,374,2
342,887,7
342,393,6
342,398,2
342,937,3
342,495,5
343,523,1
343,544,5
343,620,5
343,639,5
344,565,3
344,968,4
344,870,3
344,463,6
344,999,5
345,544,4
345,601,5
345,851,5
345,682,3
345,758,1
345,571,6
345,380,5
345,653,6
346,541,4
346,368,3
347,558,7
347,627,5
347,811,1
347,815,6
347,349,7
347,957,4
347,584,2
348,541,4
348,737,7
348,932,2
348,437,1
349,621,6
349,676,3
349,740,7
349,970,6
349,555,5
349,791,1
349,673,7
349,488,6
349,687,3
349,844,4
349,575,3
349,887,7
349,895,2
349,443,5
349,668,2
349,935,6
349,937,1
349,448,3
350,599,4
350,629,6
350,824,7
351,879,6
351,473,6
352,937,1
352,909,5
352,544,3
352,804,2
352,851,6
352,357,1
353,570,5
353,605,1
353,690,6
353,686,7
353,514,7
353,881,3
353,386,7
353,933,1
353,624,7
354,730,4
354,517,7
354,544,6
354,546,3
354,661,6
354,588,3
354,455,6
354,449,2
355,512,2
355,537,2
355,542,2
355,600,7
355,758,6
355,544,4
356,534,2
356,738,7
356,822,1
356,587,6
356,477,4
357,544,1
357,776,4
357,611,4
357,371,7
357,836,6
357,940,6
357,498,3
357,781,7
357,917,2
357,797,1
357,838,4
357,872,7
357,387,5
358,723,6
358,658,3
358,985,6
358,977,3
359,544,7
359,935,6
360,689,7
360,534,6
360,760,2
360,587,2
360,366,2
360,382,7
361,854,3
361,900,7
361,955,2
361,792,2
361,370,7
362,392,6
362,544,6
362,593,3
362,494,7
362,746,2
362,710,6
362,546,5
362,846,1
362,576,7
362,387,5
362,964,1
363,544,5
363,665,3
363,851,3
363,969,6
363,478,3
364,523,7
364,544,4
364,851,4
364,866,2
364,927,4
364,949,7
365,596,7
365,674,3
365,736,1
365,761,3
365,799,4
365,495,6
366,900,1
366,382,2
367,726,5
367,544,4
367,631,7
367,678,2
367,888,5
367,945,1
368,714,6
368,544,4
368,741,6
368,804,3
368,851,7
368,449,6
369,518,5
369,861,6
369,921,2
370,943,7
370,650,2
370,502,7
370,591,6
370,619,5
370,373,4
370,926,3
370,442,4
371,796,6
371,398,7
371,544,7
371,656,2
371,660,3
371,710,2
371,742,4
371,484,2
372,526,4
372,621,4
372,597,2
372,627,2
372,403,7
372,740,5
373,736,4
373,650,5
373,801,5
373,591,1
373,900,1
373,505,5
374,575,7
374,691,2
374,642,5
374,961,1
375,767,6
375,652,5
376,514,4
376,951,2
376,505,7
376,773,5
376,928,5
376,988,7
376,567,4
376,900,5
376,442,6
376,549,3
376,593,2
377,544,6
377,805,3
377,891,2
377,936,2
378,530,3
378,544,6
378,661,4
378,866,1
378,964,4
379,689,7
379,935,6
379,962,4
380,544,3
380,593,5
380,513,1
380,734,3
380,507,4
380,441,4
380,484,2
381,544,1
381,804,7
381,989,1
381,739,2
382,632,6
382,521,6
382,847,1
382,904,1
382,748,5
382,886,1
383,676,5
383,823,3
383,740,1
383,750,4
383,400,4
383,992,6
384,544,1
384,851,4
384,873,2
384,917,5
384,625,1
384,612,3
384,385,6
384,955,3
385,676,2
385,544,4
385,733,5
385,956,5
386,391,3
386,535,3
386,713,1
386,881,2
386,480,6
386,642,7
386,432,7
386,444,6
386,492,7
387,543,2
387,421,4
387,544,3
387,561,2
387,625,1
387,819,4
387,699,5
387,701,1
387,694,1
387,579,1
387,804,5
387,969,6
387,529,6
387,912,7
387,623,5
387,826,4
387,433,2
387,917,2
387,787,1
387,744,3
387,523,1
387,741,4
387,519,4
387,916,3
387,993,1
387,525,7
387,669,7
387,883,4
387,713,4
387,991,1
388,996,7
388,756,3
389,628,7
389,824,1
389,881,1
389,444,3
390,540,7
390,881,2
390,929,7
391,599,7
391,740,2
391,628,1
391,424,6
392,813,5
392,634,5
392,718,6
392,706,2
392,657,3
393,560,4
393,629,3
393,431,5
393,809,4
393,518,4
393,921,4
394,715,4
394,432,2
394,464,1
395,495,1
395,715,5
395,881,2
395,672,5
395,440,4
395,460,7
395,472,3
396,652,7
396,765,6
396,772,3
396,808,6
396,908,2
397,418,4
397,538,6
397,544,7
397,590,1
397,764,1
397,827,5
397,851,5
398,796,2
398,558,6
399,599,7
399,621,1
399,815,3
399,835,5
399,863,6
399,659,1
399,689,5
399,501,2
400,512,1
400,629,4
400,815,4
400,764,3
400,937,5
400,970,6
401,553,3
401,564,6
401,607,1
401,816,5
401,881,4
401,538,6
402,881,4
402,472,2
402,797,7
402,444,4
403,537,5
403,600,2
403,621,4
403,676,3
403,426,7
403,438,4
403,879,4
404,544,7
404,554,2
404,764,3
404,777,1
404,851,2
404,936,3
405,829,3
405,875,1
405,541,3
405,695,5
405,830,7
405,688,6
405,668,3
405,624,5
405,976,4
406,605,1
406,756,6
406,881,1
407,713,1
407,816,2
407,468,2
407,925,5
407,464,7
407,635,3
408,544,4
408,612,7
408,804,7
408,565,7
409,523,7
409,544,3
409,557,7
409,666,1
409,724,1
409,851,4
410,534,1
410,677,2
410,795,1
410,812,6
410,904,1
411,626,1
411,716,6
411,751,5
411,812,2
411,886,1
412,913,2
412,626,2
412,760,1
412,685,1
412,883,4
413,676,7
413,808,6
413,824,3
413,937,3
413,939,6
413,501,3
413,866,6
414,555,5
414,599,7
414,600,5
414,676,7
414,844,3
414,996,1
414,533,2
415,732,2
415,903,3
415,492,1
415,760,4
416,578,5
416,754,4
417,528,7
417,532,2
417,621,4
417,642,6
417,765,3
417,808,6
417,824,6
417,424,4
418,600,1
418,658,2
418,653,3
419,735,6
419,793,7
419,616,7
419,472,4
419,482,1
419,640,4
420,831,5
420,719,4
420,738,5
420,847,5
420,886,4
420,701,7
421,568,2
421,856,1
421,534,6
421,738,6
422,544,2
422,832,1
422,964,5
423,522,7
423,530,6
423,544,3
423,614,6
423,851,6
424,658,4
424,838,1
424,794,7
424,431,4
424,875,2
424,628,5
424,908,7
424,627,1
424,597,7
424,974,6
424,834,5
424,855,2
424,996,7
424,615,4
424,972,5
424,932,4
425,495,5
425,717,3
425,722,2
425,765,2
425,592,1
425,778,6
426,537,3
426,585,1
426,691,5
426,586,6
426,615,5
426,649,4
426,939,7
426,582,2
427,900,4
427,502,7
427,721,2
427,442,5
428,900,6
428,442,5
428,988,3
429,626,1
429,544,6
430,618,4
430,629,5
430,753,3
430,855,4
430,445,7
431,512,7
431,676,7
431,687,7
431,921,3
431,935,5
432,535,3
432,472,7
432,436,3
432,469,7
432,726,7
432,480,1
432,474,5
432,810,1
432,569,2
432,959,6
432,584,4
432,577,2
432,790,5
432,477,1
432,903,6
432,929,1
432,582,6
432,972,2
432,537,6
432,574,5
433,596,4
433,517,5
433,544,7
433,499,4
434,845,1
434,716,6
434,912,4
434,986,3
434,851,6
435,610,2
435,732,3
435,752,5
435,472,1
436,752,7
436,881,2
436,501,7
436,472,3
437,634,7
437,695,3
437,706,1
437,771,7
437,654,6
437,898,5
437,779,2
437,784,4
437,737,6
438,512,1
438,586,2
438,592,2
438,789,2
438,840,6
438,864,4
438,937,7
438,680,1
438,537,5
438,953,5
438,465,1
439,596,7
439,857,3
440,874,5
440,881,4
440,667,7
440,653,3
441,512,4
441,921,6
441,458,3
441,544,1
441,741,1
441,780,7
441,792,7
441,851,4
441,536,4
441,611,6
441,723,1
442,591,1
442,860,2
442,951,2
442,897,3
442,451,4
442,689,5
442,862,4
442,802,1
442,914,6
442,493,1
442,497,3
442,955,5
442,801,6
442,820,5
442,514,7
442,930,4
442,630,1
442,629,3
442,962,6
443,622,5
443,808,4
443,838,4
443,937,6
443,722,7
443,984,6
443,765,5
444,608,6
444,467,3
444,577,1
444,782,5
444,698,3
444,472,7
445,638,3
445,676,1
445,665,3
446,535,2
446,752,5
446,582,3
446,500,4
447,705,6
447,544,3
447,572,7
447,826,5
447,708,4
447,525,6
447,946,5
447,494,1
448,573,4
448,837,5
448,452,3
448,667,5
449,544,2
449,625,4
449,665,6
449,989,2
449,872,4
449,798,6
449,916,4
449,919,2
449,656,6
449,893,3
449,920,4
449,485,2
450,717,1
450,536,1
450,544,5
450,777,5
450,851,7
450,866,7
451,650,4
451,900,3
451,802,2
451,689,4
451,930,3
451,515,3
451,962,4
451,862,2
451,928,6
451,619,7
451,716,1
452,825,6
452,581,6
452,653,2
452,999,4
453,526,1
453,544,2
453,557,4
453,956,2
454,881,3
454,933,4
454,732,6
454,934,3
454,472,4
454,826,5
455,752,7
455,929,3
456,565,7
456,976,6
457,570,5
457,607,3
457,881,3
457,464,4
457,636,4
457,498,6
458,497,1
458,696,5
458,766,2
458,784,2
458,634,5
458,624,7
458,764,7
459,903,7
459,651,4
459,538,2
459,544,1
459,942,7
460,535,6
460,881,6
460,715,3
460,951,6
460,798,3
461,512,4
461,824,5
461,838,6
462,488,1
462,716,6
462,757,3
462,795,6
462,904,4
463,551,3
463,971,5
463,818,7
464,690,1
464,881,7
464,607,3
464,810,4
464,980,2
464,965,2
464,469,1
464,718,7
465,838,6
465,881,1
465,933,3
465,610,6
465,535,4
466,761,7
466,650,5
466,684,1
466,900,3
466,571,2
466,746,4
467,881,1
467,960,1
467,933,1
467,764,4
468,569,6
468,711,3
468,943,7
468,472,2
469,790,4
469,816,5
469,477,5
470,544,7
470,630,7
470,758,3
471,605,2
471,675,7
471,881,6
471,926,6
472,824,1
472,686,5
472,477,6
472,500,2
472,816,6
472,492,5
472,874,7
472,508,6
472,564,6
472,913,6
472,752,3
472,474,3
472,713,4
472,517,7
472,630,7
472,641,5
473,609,2
473,720,5
473,636,2
473,482,2
473,766,1
473,792,4
474,816,5
474,959,3
474,509,4
474,492,6
475,957,6
475,544,4
475,851,2
476,513,6
476,544,2
476,851,5
476,559,1
476,917,6
476,946,2
476,499,1
476,575,1
477,770,3
477,980,1
477,492,2
477,854,7
477,851,2
478,556,6
478,538,2
478,611,4
478,780,5
478,832,4
478,851,3
478,724,6
478,633,5
478,559,5
478,982,7
478,563,3
478,964,2
478,489,3
479,795,7
479,952,6
480,570,6
480,589,7
480,643,6
480,752,2
480,816,2
480,874,4
480,881,7
481,713,4
481,810,6
481,881,3
481,752,3
481,647,3
482,627,2
482,793,1
482,879,5
482,993,1
483,562,4
483,624,2
483,634,5
483,932,1
484,523,3
484,544,6
484,665,2
484,755,1
484,612,2
484,746,7
484,588,1
484,758,1
484,633,6
484,545,1
484,759,3
485,653,4
485,544,1
485,746,5
485,866,1
485,546,2
485,579,6
485,571,5
485,699,5
485,688,3
486,544,1
486,964,7
486,548,3
486,744,3
486,531,6
486,649,3
486,705,4
487,577,7
487,605,7
487,752,2
487,881,5
487,965,7
488,512,5
488,676,1
488,937,3
489,544,4
489,899,3
489,936,7
489,755,5
489,631,3
489,997,4
490,853,3
490,583,7
490,622,6
490,963,7
490,539,5
491,537,3
491,599,7
491,676,6
491,935,2
491,937,4
491,974,7
492,881,7
492,570,4
492,643,3
492,508,1
492,972,2
492,877,7
492,681,5
493,619,1
493,900,1
494,523,5
494,531,1
494,536,5
494,544,2
494,804,2
495,518,4
495,542,4
495,596,1
495,600,3
495,691,5
495,693,5
495,628,1
495,963,6
495,560,4
495,727,3
495,537,2
495,835,5
495,906,2
495,844,5
495,652,7
495,920,4
495,736,1
495,670,7
495,745,4
495,681,6
495,501,1
496,738,3
496,877,3
496,932,5
496,851,3
497,684,2
497,900,4
497,515,3
497,505,2
497,613,7
498,575,2
498,591,5
498,544,1
498,866,2
498,940,3
499,544,5
499,611,6
499,851,3
499,744,6
500,570,6
500,881,6
500,929,1
501,808,3
501,835,4
501,861,3
501,996,2
501,600,7
501,961,7
501,597,7
501,794,3
501,974,7
501,978,5
501,659,2
501,618,1
501,512,6
501,821,2
501,727,6
501,802,2
502,926,5
502,862,1
503,585,5
503,599,5
503,825,4
503,921,7
504,578,6
504,766,7
505,900,4
505,684,6
505,878,1
505,544,3
506,943,4
506,713,5
506,882,4
507,570,4
507,607,4
507,874,5
508,615,3
508,589,3
508,881,3
508,747,7
509,512,4
509,621,2
509,808,5
509,890,1
509,648,6
510,518,7
510,537,1
510,808,2
510,971,7
510,695,2
511,544,2
511,804,6
511,832,6
511,851,3
512,794,1
512,638,3
512,824,5
512,775,7
512,979,4
512,834,5
512,567,3
512,761,1
512,908,3
512,676,2
512,692,1
512,991,1
512,629,3
512,844,1
512,680,3
512,531,2
512,586,6
512,597,3
513,769,2
513,741,6
513,519,3
513,563,5
513,793,6
513,544,3
513,630,4
513,851,3
513,872,2
514,814,5
514,828,1
514,854,2
514,962,6
514,721,6
515,713,5
515,815,4
515,684,6
515,799,3
515,801,6
515,900,3
515,882,1
516,674,3
516,518,3
516,537,2
516,542,3
516,621,2
516,670,2
516,978,6
516,881,5
517,652,4
517,680,1
517,764,1
517,907,6
517,620,7
517,656,4
517,544,4
517,729,4
517,804,4
517,851,1
517,866,5
517,883,1
518,992,4
518,673,4
518,918,1
518,953,4
518,662,5
518,722,6
518,583,2
518,745,1
518,701,1
518,676,5
518,811,4
519,902,4
519,710,1
519,797,5
519,709,1
519,544,5
519,660,7
519,851,1
520,767,2
521,959,5
521,913,6
521,966,7
521,752,3
521,726,2
521,589,2
521,675,7
521,881,6
521,557,1
522,981,7
522,737,5
522,544,1
522,614,1
522,936,1
522,969,1
523,669,7
523,641,6
523,744,4
523,576,4
523,982,7
523,612,6
523,679,6
523,750,6
523,572,3
523,768,2
523,731,2
523,544,2
523,851,2
524,850,6
524,553,6
524,596,7
524,543,1
524,735,4
524,808,3
524,824,5
524,838,4
524,844,2
525,900,5
525,872,1
525,649,5
525,544,4
525,964,7
526,842,1
526,863,3
526,537,3
526,855,3
526,762,1
526,808,7
527,781,6
527,852,7
527,792,6
527,954,2
527,545,4
527,943,2
527,544,4
527,804,2
527,956,7
528,880,2
528,676,4
528,691,2
528,824,4
528,838,1
528,750,1
529,566,2
529,947,4
529,792,5
529,538,5
529,544,2
529,777,3
530,985,5
530,539,4
530,909,4
530,544,5
530,780,7
531,538,1
531,827,6
531,897,3
531,544,2
531,593,6
531,826,7
531,883,1
532,753,2
532,658,2
532,586,5
532,869,7
532,596,4
532,621,2
532,935,4
532,979,5
533,979,5
533,575,6
533,555,7
533,622,6
533,992,6
533,920,3
533,721,2
533,736,7
533,931,7
534,977,6
534,782,1
534,958,1
534,700,3
534,757,3
534,707,3
534,636,4
534,867,4
534,738,7
534,739,4
534,880,6
534,822,1
535,979,6
535,881,2
535,851,5
536,664,5
536,683,5
536,778,6
536,800,7
536,544,4
537,765,2
537,998,3
537,676,1
537,637,7
537,585,4
537,600,5
537,604,4
537,895,6
537,935,2
538,725,3
538,579,7
538,982,7
538,633,7
538,630,2
538,995,2
538,907,6
538,797,7
538,776,2
538,672,6
538,981,7
538,956,1
538,613,6
538,544,3
539,816,6
539,805,6
539,916,5
539,544,2
539,780,2
540,703,7
540,881,7
541,783,1
541,784,2
541,749,7
541,771,2
542,823,1
542,594,2
542,811,3
542,566,3
542,586,1
542,600,3
542,676,4
542,753,2
542,949,2
543,627,2
543,831,3
543,662,1
543,740,6
544,742,5
544,625,7
544,945,4
544,635,3
544,989,2
544,982,2
544,851,6
544,777,5
544,572,3
544,601,4
544,725,6
544,954,6
544,623,6
544,576,1
544,778,2
544,873,3
544,805,5
544,563,5
544,744,2
544,969,1
544,545,7
544,786,1
544,907,6
544,832,4
544,758,3
544,678,5
544,741,2
544,902,3
544,698,6
544,631,5
544,818,5
544,804,5
544,776,7
544,699,5
544,769,3
544,593,4
544,702,2
544,694,7
544,869,7
544,993,3
544,888,4
544,940,4
544,841,4
544,645,4
544,733,7
544,612,6
544,590,1
544,734,3
544,614,2
544,788,4
544,836,5
544,554,5
544,561,4
544,912,2
544,721,7
544,648,7
544,703,6
544,660,6
544,917,1
544,781,5
544,557,5
544,588,2
544,889,6
544,803,7
544,552,7
544,666,5
544,827,5
544,550,4
544,547,6
544,995,3
544,559,5
544,797,1
544,710,4
544,780,5
544,981,2
544,611,1
544,942,4
544,807,1
544,574,2
544,641,1
544,826,7
544,746,3
544,546,6
544,947,2
544,682,5
544,701,1
544,633,7
544,798,4
544,956,3
544,602,1
544,639,3
544,941,6
544,661,4
544,883,7
544,679,3
544,664,7
544,649,5
544,787,6
544,656,6
544,665,1
544,724,7
544,672,3
544,571,4
544,792,2
544,620,7
544,681,2
544,994,4
544,919,7
544,683,1
544,768,4
544,899,4
544,946,7
544,708,4
544,927,4
544,755,6
544,579,5
544,964,5
544,750,6
544,548,3
544,848,5
544,893,7
544,669,5
544,819,3
544,858,7
544,737,5
544,640,5
544,872,6
544,866,5
544,975,5
544,936,3
544,764,5
544,846,2
544,903,4
544,875,5
544,849,5
544,810,3
544,604,1
544,809,2
544,986,4
544,743,5
544,971,4
544,759,3
545,618,2
545,666,1
545,806,4
546,778,4
546,781,2
546,993,1
546,819,2
546,777,5
546,658,5
546,883,3
546,956,7
547,572,7
547,650,7
547,648,2
547,780,3
547,866,3
548,940,1
548,771,5
548,574,5
548,612,4
548,851,1
549,719,4
549,552,3
549,807,2
550,939,6
550,797,2
550,733,5
550,785,5
550,669,1
550,678,6
550,729,4
550,866,2
551,870,5
551,999,4
552,708,5
552,804,6
552,851,5
553,809,5
553,842,4
553,712,7
553,796,3
553,937,1
553,992,1
554,935,7
554,793,1
554,755,3
554,912,2
554,851,5
555,652,5
555,580,1
555,621,3
555,676,2
555,824,7
555,619,4
555,743,1
556,933,6
556,980,7
556,972,1
556,605,3
556,577,7
556,881,4
556,943,2
557,888,7
557,682,4
557,804,6
557,851,6
557,995,1
558,662,1
558,592,3
558,718,6
558,580,7
558,594,7
558,808,6
558,824,2
558,887,5
559,699,5
559,721,6
559,714,1
559,656,4
559,851,3
559,866,5
559,969,1
560,952,3
560,673,2
560,844,2
560,841,1
560,621,2
560,853,2
560,921,3
560,935,5
561,708,7
561,635,1
562,718,2
562,774,3
562,634,5
562,695,3
562,714,4
562,932,5
563,746,6
563,576,4
563,851,4
563,969,1
564,695,1
564,608,5
564,881,2
564,900,1
565,914,2
565,971,5
566,629,5
566,583,7
566,604,3
566,676,5
566,735,5
566,824,3
567,864,7
567,829,1
567,586,6
567,600,2
567,935,1
567,851,7
568,908,4
568,920,1
568,569,5
568,847,2
569,823,6
569,610,3
569,726,1
569,901,7
570,643,2
570,582,7
570,881,2
570,610,2
570,959,4
570,923,5
570,752,4
570,931,3
570,721,2
570,966,4
571,787,3
571,579,2
571,611,2
571,639,4
571,851,6
572,851,7
573,697,5
573,725,5
573,653,4
573,803,7
574,851,5
575,615,1
575,831,4
575,824,3
575,838,5
575,857,5
576,916,6
576,630,6
576,648,5
576,843,3
576,851,3
577,644,4
577,980,4
577,929,5
577,752,2
577,966,2
577,717,1
577,716,2
578,617,6
578,663,6
579,781,7
579,907,6
579,958,4
579,588,7
579,734,7
579,851,1
580,762,3
580,676,5
581,653,4
581,754,6
582,881,5
582,644,7
582,756,7
582,688,2
583,887,2
583,707,1
583,621,4
583,637,1
583,676,3
583,808,1
584,715,3
584,752,3
584,770,5
584,881,5
585,603,2
585,774,3
585,656,4
585,687,6
585,811,5
585,824,3
586,871,5
586,722,2
586,772,1
586,618,2
586,911,1
586,996,2
587,937,5
587,719,3
587,990,5
587,728,5
587,795,4
587,967,3
588,808,6
588,995,5
588,848,1
588,778,5
588,977,5
588,710,3
588,804,1
588,964,6
589,923,7
589,610,6
589,878,2
589,829,7
589,605,4
589,686,2
589,711,3
589,881,7
590,917,7
590,899,1
590,778,5
590,760,3
590,612,3
590,741,4
590,764,2
591,647,4
591,955,5
591,650,1
591,862,7
591,900,7
592,950,5
592,759,6
592,600,7
592,676,4
592,811,1
592,935,1
593,954,1
593,778,1
593,708,4
593,635,4
593,851,7
594,597,5
594,765,6
594,621,6
594,676,3
594,824,6
594,849,3
595,944,7
595,986,7
595,653,3
596,838,4
596,691,3
596,887,6
596,808,5
596,722,7
596,850,3
596,603,1
596,761,6
596,834,3
596,983,6
597,840,4
597,659,4
597,629,2
597,761,1
598,629,3
598,971,2
599,935,1
599,621,1
599,622,7
599,890,5
599,719,5
599,642,6
599,839,4
599,939,7
599,992,6
599,675,3
599,801,4
600,809,5
600,796,3
600,915,3
600,687,5
600,921,1
600,957,4
600,819,2
600,632,5
600,693,5
600,862,5
600,851,3
601,889,4
601,841,5
601,617,6
601,832,1
602,702,4
602,635,5
603,796,7
603,646,4
603,676,6
604,918,2
604,693,6
604,735,6
604,824,1
604,961,2
605,607,7
605,610,2
605,881,4
606,697,1
606,983,3
606,909,5
606,653,5
606,942,4
607,925,7
607,961,5
607,881,4
607,751,4
608,642,3
608,886,5
608,816,5
608,881,6
609,793,5
609,722,4
609,795,2
609,964,1
610,881,2
610,903,2
611,724,6
611,851,2
611,956,3
612,788,7
612,780,1
612,851,7
613,985,3
613,804,1
614,724,6
614,741,3
614,827,4
615,774,5
615,831,4
616,690,1
616,793,5
617,653,4
617,768,7
618,685,4
618,791,1
618,627,4
618,638,5
618,794,4
618,838,4
618,937,3
619,914,6
619,900,3
619,865,3
619,897,7
619,773,5
619,797,6
619,689,5
620,725,4
620,640,6
620,851,5
621,911,5
621,859,5
621,622,2
621,908,4
621,670,6
621,931,7
621,647,7
621,753,1
621,775,6
621,808,5
621,712,6
621,685,6
621,996,7
621,887,3
621,930,7
621,684,3
621,676,6
621,824,5
621,961,7
621,881,1
622,874,5
623,952,2
623,656,1
624,771,3
625,964,7
625,877,2
625,741,2
625,851,1
626,867,5
626,822,2
626,891,1
626,700,6
626,730,7
626,977,2
627,890,3
627,674,1
627,676,7
627,808,1
627,935,1
628,974,4
628,629,1
628,908,1
629,759,7
629,875,5
629,824,1
629,857,7
630,851,3
631,676,4
631,755,5
631,940,6
631,793,4
631,648,7
631,660,1
631,666,7
631,851,2
632,906,5
632,844,4
632,637,6
632,937,1
633,740,3
633,836,1
633,643,1
633,780,2
633,804,7
633,805,3
633,826,7
633,866,2
634,896,6
634,695,3
634,785,3
635,827,5
635,777,6
635,729,2
635,964,1
636,738,5
636,748,3
636,812,5
636,856,4
637,850,5
637,794,5
637,673,4
637,824,6
638,722,3
638,705,3
638,646,6
638,759,1
638,937,1
638,961,2
639,927,1
639,726,6
639,694,2
639,804,2
640,672,4
640,678,6
640,777,5
641,832,7
641,851,7
641,964,3
642,921,2
642,939,2
643,756,7
643,881,6
644,713,5
644,881,1
645,698,6
645,888,5
645,741,5
645,851,4
646,864,5
646,674,1
646,890,1
646,717,4
646,840,7
646,676,6
646,761,5
646,824,6
647,796,6
647,676,5
647,936,2
648,936,4
648,851,5
649,963,5
649,741,7
649,851,2
650,900,1
650,799,3
650,801,7
650,914,4
650,951,5
650,897,2
650,802,2
650,928,2
650,814,5
650,833,4
650,823,4
650,849,3
651,935,1
651,860,1
651,955,7
651,795,6
652,915,7
652,676,6
652,829,5
652,961,7
652,709,3
653,939,3
653,837,7
653,983,2
653,663,1
653,909,3
653,667,3
653,747,7
653,944,5
653,810,2
653,754,7
654,749,5
654,800,3
654,688,5
654,779,3
654,896,1
655,932,5
655,695,3
656,846,5
656,734,6
656,780,5
656,851,5
656,866,7
656,964,2
657,779,5
657,671,4
657,704,7
658,835,6
658,850,3
659,953,7
659,891,3
660,679,7
660,826,2
661,893,7
661,776,7
661,699,5
661,792,5
661,975,6
661,926,2
662,871,4
662,895,7
662,825,7
662,997,3
662,676,7
662,762,6
662,979,6
663,837,3
663,772,5
664,876,4
664,890,3
664,832,1
665,788,7
666,819,1
666,731,1
666,804,5
667,957,4
668,881,4
668,785,6
668,704,7
668,688,2
668,800,7
668,896,3
668,932,5
669,703,6
669,804,2
669,851,2
670,762,5
670,811,3
670,718,3
671,718,4
671,969,4
671,695,2
671,800,4
672,686,4
672,851,5
673,717,6
673,857,6
673,937,2
675,726,6
675,790,5
675,966,1
676,876,7
676,825,7
676,680,7
676,842,2
676,859,6
676,937,4
676,921,6
676,717,6
676,693,2
676,850,6
676,834,5
676,796,4
676,987,2
676,978,3
676,740,5
676,911,4
676,835,2
676,687,1
676,973,2
676,957,3
676,813,4
676,722,3
676,998,7
676,935,7
676,923,5
676,846,3
676,759,5
677,728,5
677,763,6
677,812,3
677,977,3
678,776,6
678,899,2
678,965,7
678,734,7
678,851,5
679,826,1
679,851,7
680,772,5
681,997,3
681,981,2
681,798,2
681,827,4
681,851,4
682,896,5
682,764,6
682,851,5
683,804,5
683,841,4
684,865,5
684,885,6
684,689,3
684,828,7
684,900,6
685,794,2
685,692,6
685,824,4
685,937,6
685,939,2
686,705,7
686,881,1
686,904,1
687,835,4
687,693,3
687,735,4
687,857,5
687,979,2
687,965,4
687,710,3
688,868,7
689,900,6
690,966,5
690,933,6
691,808,3
691,838,4
691,851,2
692,992,4
692,740,1
692,908,5
693,878,3
693,808,1
693,694,1
693,744,3
694,900,6
694,710,1
694,729,3
694,827,1
694,851,5
694,866,3
694,995,5
695,765,5
695,835,1
695,697,3
695,779,6
695,709,6
695,830,7
695,932,4
695,706,2
695,785,6
695,905,3
695,896,6
695,696,1
695,743,2
695,877,3
695,783,1
695,952,1
695,825,5
695,748,1
695,910,5
696,820,2
696,789,4
696,785,4
696,932,5
696,964,4
698,804,2
698,866,3
699,838,6
699,804,7
700,738,3
700,986,5
700,748,6
700,782,5
700,934,7
700,751,2
700,795,7
701,818,3
701,729,3
701,780,6
701,851,6
701,964,4
702,852,4
702,864,7
702,804,4
702,945,1
703,768,2
703,777,3
703,826,4
703,851,1
704,932,2
705,881,5
706,749,7
706,910,6
706,937,3
706,922,3
707,716,1
708,940,4
708,826,5
708,851,3
709,979,3
709,868,4
709,749,4
709,877,7
710,912,5
710,899,7
710,994,3
710,798,1
711,881,2
711,934,2
712,984,4
713,878,6
713,726,1
713,881,5
714,905,4
715,967,2
715,881,2
716,867,2
716,782,6
717,789,3
717,838,7
717,935,6
717,937,7
717,979,5
718,968,3
719,948,3
719,986,7
719,967,5
720,863,7
720,793,5
720,958,3
720,985,1
721,851,3
721,964,3
722,824,3
723,793,7
724,985,5
724,804,3
725,804,4
726,809,4
726,752,4
728,938,1
728,941,5
728,848,3
729,764,3
729,896,2
730,997,2
730,856,6
730,739,2
731,904,5
731,977,4
732,923,1
732,943,3
733,769,2
734,793,2
734,742,5
734,846,5
734,818,7
734,770,2
734,780,1
735,775,6
735,789,1
735,864,4
735,939,2
736,775,6
736,939,1
737,888,3
737,768,4
738,884,6
738,845,2
738,748,1
738,795,3
739,869,1
739,748,7
739,856,6
740,935,6
740,987,3
740,823,5
740,839,6
740,859,7
740,949,6
741,780,3
741,917,4
741,744,2
741,975,4
741,746,3
741,804,4
742,764,2
742,851,1
744,769,5
744,941,7
745,963,2
745,824,5
745,931,5
745,937,2
745,826,2
746,873,5
746,818,1
746,866,6
748,751,1
748,948,1
749,930,6
749,766,6
750,995,1
751,847,5
751,891,7
751,795,3
751,904,1
752,874,6
752,969,6
753,953,5
753,800,7
753,808,7
755,873,7
755,804,6
755,975,3
756,770,1
757,891,7
757,765,6
757,782,4
757,795,7
757,884,5
758,769,6
758,851,7
759,938,4
759,871,3
759,921,3
759,937,2
759,923,6
759,777,3
761,824,4
761,931,1
761,900,5
762,939,6
762,889,6
762,815,1
762,824,5
762,890,1
762,937,2
762,770,1
763,967,7
763,845,3
763,973,6
763,812,5
763,822,3
764,919,5
764,841,3
764,899,3
764,812,2
765,864,1
766,877,6
766,830,7
766,868,6
766,976,4
766,851,5
767,988,4
768,804,3
769,786,1
770,881,1
771,924,3
771,805,7
772,775,7
772,824,2
772,937,4
773,914,3
773,865,5
773,854,2
773,900,6
773,962,5
774,982,2
774,804,7
775,824,6
776,962,5
776,929,3
776,851,5
776,873,2
777,852,4
777,888,4
777,851,1
779,924,7
779,784,6
779,854,1
780,968,3
780,912,2
780,832,2
780,781,4
780,797,2
780,906,4
780,833,3
780,804,4
780,851,3
780,945,5
780,956,4
780,975,5
781,995,7
782,981,4
783,986,1
783,830,6
783,800,3
783,905,4
783,932,3
784,800,5
785,905,3
785,830,2
786,814,6
787,900,3
787,851,1
788,866,4
789,963,2
789,958,7
789,824,7
789,921,6
790,867,5
790,925,5
790,932,1
791,978,7
791,817,2
792,833,2
792,826,2
792,866,5
793,985,7
793,856,7
794,815,1
794,908,4
794,992,4
794,874,1
795,882,1
795,891,6
795,856,5
795,812,2
798,851,3
798,866,4
799,925,4
799,900,1
800,868,7
800,842,6
800,922,3
801,914,2
801,854,3
801,900,4
802,900,1
803,971,5
803,964,2
804,819,6
804,851,1
804,981,7
804,889,5
804,946,3
804,858,4
804,921,2
804,806,1
804,866,6
805,846,3
805,851,4
806,838,7
806,851,4
807,851,5
808,876,1
808,829,3
808,875,6
808,996,1
808,984,7
808,864,2
808,953,1
808,915,6
808,856,7
808,824,4
808,890,6
809,974,4
809,880,5
809,939,7
809,992,6
810,822,3
810,881,7
811,857,4
811,880,1
811,815,2
811,948,7
812,958,7
812,886,6
812,846,2
812,967,3
814,820,7
815,824,2
815,921,1
816,892,6
816,881,6
817,838,4
819,851,7
820,828,3
821,880,3
821,865,3
821,890,2
821,935,2
822,872,7
823,935,5
823,838,7
824,949,3
824,987,1
824,920,3
824,863,2
824,979,1
824,844,3
824,839,3
824,857,7
824,859,5
824,978,2
824,984,2
824,875,6
824,826,3
825,963,3
825,937,3
826,832,2
826,893,4
826,954,4
826,851,4
827,938,3
827,866,4
827,964,1
828,891,2
828,854,5
830,932,5
831,935,7
832,884,7
832,919,4
832,851,1
833,862,3
833,900,5
834,887,3
834,921,6
834,937,3
835,937,2
835,939,3
835,979,7
836,999,6
838,850,6
838,953,6
838,921,6
839,987,1
839,895,1
839,902,5
839,881,7
843,925,3
843,900,5
844,937,4
844,980,4
844,908,1
846,851,4
847,891,6
847,856,5
847,886,2
847,866,5
848,866,7
849,900,5
850,890,6
850,935,7
851,902,7
851,954,6
851,956,5
851,883,5
851,916,6
851,907,7
851,912,2
851,982,5
851,993,2
851,975,6
851,940,4
851,919,3
851,947,4
851,888,3
851,927,2
851,866,5
851,964,5
851,969,5
851,946,4
851,852,4
851,941,2
851,858,7
851,872,4
853,949,6
854,894,4
854,900,2
854,928,4
854,860,7
854,962,7
854,897,7
854,964,7
856,948,2
857,969,7
859,887,4
860,900,2
860,926,3
860,938,1
861,901,3
861,966,4
862,900,3
863,998,6
863,890,6
863,921,4
863,979,5
864,953,4
864,966,2
865,900,3
866,912,5
866,969,3
866,942,7
866,988,1
872,961,4
874,881,6
874,934,1
878,921,1
878,881,5
880,890,7
881,892,5
881,960,6
881,966,1
881,980,2
881,933,4
881,913,1
881,997,5
881,911,2
881,934,5
882,904,1
882,967,2
882,997,2
883,927,1
883,954,4
885,892,1
885,900,3
890,918,7
891,977,2
896,932,5
897,900,7
900,988,1
900,914,7
900,928,2
900,930,5
901,933,7
901,934,5
902,945,6
903,960,2
904,933,5
904,948,1
905,906,7
908,961,6
911,937,4
914,998,3
917,956,7
918,929,3
926,928,1
927,937,7
931,992,3
931,941,6
933,959,3
937,973,3
937,963,5
937,953,7
937,997,2
937,961,1
939,998,1
941,956,3
941,964,1
947,956,6
952,973,1
960,966,7
964,994,5
969,987,6
977,986,1
986,997,7
